folder,source,date,FoF,cells,G1_count,G1S_count,S_count,G2M_count,G1_percent,G1S_percent,S_percent,G2M_percent,largest_class,largest_to_smallest_ratio
231005,old,231005,1,510,46,67,39,358,9.02,13.14,7.65,70.2,G2M,9.18
231005,old,231005,2,1507,103,202,127,1075,6.83,13.4,8.43,71.33,G2M,10.44
231005,old,231005,3,358,31,73,11,243,8.66,20.39,3.07,67.88,G2M,22.09
231005,old,231005,4,1081,63,154,66,798,5.83,14.25,6.11,73.82,G2M,12.67
231005,new,231005,1,805,63,47,56,639,7.83,5.84,6.96,79.38,G2M,13.6
231005,new,231005,2,2361,176,120,181,1884,7.45,5.08,7.67,79.8,G2M,15.7
231005,new,231005,3,767,62,34,25,646,8.08,4.43,3.26,84.22,G2M,25.84
231005,new,231005,4,1500,139,75,107,1179,9.27,5.0,7.13,78.6,G2M,15.72
2409,old,240918,1,1137,374,133,153,477,32.89,11.7,13.46,41.95,G2M,3.59
2409,old,240918,2,1079,150,230,110,589,13.9,21.32,10.19,54.59,G2M,5.35
2409,old,240918,3,753,155,118,98,382,20.58,15.67,13.01,50.73,G2M,3.9
2409,old,240918,4,974,213,153,105,503,21.87,15.71,10.78,51.64,G2M,4.79
2409,new,240918,1,1435,200,365,231,639,13.94,25.44,16.1,44.53,G2M,3.2
2409,new,240918,2,1418,226,144,144,904,15.94,10.16,10.16,63.75,G2M,6.28
2409,new,240918,3,966,133,148,147,538,13.77,15.32,15.22,55.69,G2M,4.05
2409,new,240918,4,1269,152,208,169,740,11.98,16.39,13.32,58.31,G2M,4.87
2410,new,241016,1,566,273,67,23,203,48.23,11.84,4.06,35.87,G1,11.87
2410,new,241016,2,2254,888,762,204,400,39.4,33.81,9.05,17.75,G1,4.35
2410,new,241016,3,4731,1770,1484,482,995,37.41,31.37,10.19,21.03,G1,3.67
2410,new,241016,4,1407,560,325,110,412,39.8,23.1,7.82,29.28,G1,5.09
2410,new,241016,5,1314,378,169,145,622,28.77,12.86,11.04,47.34,G2M,4.29
2410,new,241016,6,2070,721,433,218,698,34.83,20.92,10.53,33.72,G1,3.31
2410,new,241016,7,2181,605,403,238,935,27.74,18.48,10.91,42.87,G2M,3.93
2410,new,241016,8,1220,449,184,77,510,36.8,15.08,6.31,41.8,G2M,6.62
2410,new,241016,9,1539,432,374,147,586,28.07,24.3,9.55,38.08,G2M,3.99
2410,new,241016,10,1055,416,182,83,374,39.43,17.25,7.87,35.45,G1,5.01
2410,new,241016,11,1139,463,115,87,474,40.65,10.1,7.64,41.62,G2M,5.45
2410,new,241016,12,870,301,107,67,395,34.6,12.3,7.7,45.4,G2M,5.9
2410,new,241016,13,1069,342,131,56,540,31.99,12.25,5.24,50.51,G2M,9.64
2410,new,241016,14,1312,417,178,106,611,31.78,13.57,8.08,46.57,G2M,5.76
2410,new,241017,15,1946,336,287,318,1005,17.27,14.75,16.34,51.64,G2M,3.5
2410,new,241017,16,2400,727,390,251,1032,30.29,16.25,10.46,43.0,G2M,4.11
2410,new,241017,17,1517,214,252,147,904,14.11,16.61,9.69,59.59,G2M,6.15
2410,new,241017,18,1517,183,196,162,976,12.06,12.92,10.68,64.34,G2M,6.02
2410,new,241017,19,1517,204,237,170,906,13.45,15.62,11.21,59.72,G2M,5.33
2410,new,241017,20,503,41,113,50,299,8.15,22.47,9.94,59.44,G2M,7.29
2410,new,241017,21,3054,569,505,272,1708,18.63,16.54,8.91,55.93,G2M,6.28
2410,new,241017,22,1063,71,50,77,865,6.68,4.7,7.24,81.37,G2M,17.3
2410,new,241017,23,1710,302,236,188,984,17.66,13.8,10.99,57.54,G2M,5.23
