folder,Date,FoF,cellCycle,objects
231005,231005,1,G1,63
231005,231005,1,G1S,47
231005,231005,1,G2M,639
231005,231005,1,S,56
231005,231005,2,G1,176
231005,231005,2,G1S,120
231005,231005,2,G2M,1884
231005,231005,2,S,181
231005,231005,3,G1,62
231005,231005,3,G1S,34
231005,231005,3,G2M,646
231005,231005,3,S,25
231005,231005,4,G1,139
231005,231005,4,G1S,75
231005,231005,4,G2M,1179
231005,231005,4,S,107
2409,240918,1,G1,200
2409,240918,1,G1S,365
2409,240918,1,G2M,639
2409,240918,1,S,231
2409,240918,2,G1,226
2409,240918,2,G1S,144
2409,240918,2,G2M,904
2409,240918,2,S,144
2409,240918,3,G1,133
2409,240918,3,G1S,148
2409,240918,3,G2M,538
2409,240918,3,S,147
2409,240918,4,G1,152
2409,240918,4,G1S,208
2409,240918,4,G2M,740
2409,240918,4,S,169
2410,241016,1,G1,273
2410,241016,1,G1S,67
2410,241016,1,G2M,203
2410,241016,1,S,23
2410,241016,10,G1,416
2410,241016,10,G1S,182
2410,241016,10,G2M,374
2410,241016,10,S,83
2410,241016,11,G1,463
2410,241016,11,G1S,115
2410,241016,11,G2M,474
2410,241016,11,S,87
2410,241016,12,G1,301
2410,241016,12,G1S,107
2410,241016,12,G2M,395
2410,241016,12,S,67
2410,241016,13,G1,342
2410,241016,13,G1S,131
2410,241016,13,G2M,540
2410,241016,13,S,56
2410,241016,14,G1,417
2410,241016,14,G1S,178
2410,241016,14,G2M,611
2410,241016,14,S,106
2410,241016,2,G1,888
2410,241016,2,G1S,762
2410,241016,2,G2M,400
2410,241016,2,S,204
2410,241016,3,G1,1770
2410,241016,3,G1S,1484
2410,241016,3,G2M,995
2410,241016,3,S,482
2410,241016,4,G1,560
2410,241016,4,G1S,325
2410,241016,4,G2M,412
2410,241016,4,S,110
2410,241016,5,G1,378
2410,241016,5,G1S,169
2410,241016,5,G2M,622
2410,241016,5,S,145
2410,241016,6,G1,721
2410,241016,6,G1S,433
2410,241016,6,G2M,698
2410,241016,6,S,218
2410,241016,7,G1,605
2410,241016,7,G1S,403
2410,241016,7,G2M,935
2410,241016,7,S,238
2410,241016,8,G1,449
2410,241016,8,G1S,184
2410,241016,8,G2M,510
2410,241016,8,S,77
2410,241016,9,G1,432
2410,241016,9,G1S,374
2410,241016,9,G2M,586
2410,241016,9,S,147
2410,241017,15,G1,336
2410,241017,15,G1S,287
2410,241017,15,G2M,1005
2410,241017,15,S,318
2410,241017,16,G1,727
2410,241017,16,G1S,390
2410,241017,16,G2M,1032
2410,241017,16,S,251
2410,241017,17,G1,214
2410,241017,17,G1S,252
2410,241017,17,G2M,904
2410,241017,17,S,147
2410,241017,18,G1,183
2410,241017,18,G1S,196
2410,241017,18,G2M,976
2410,241017,18,S,162
2410,241017,19,G1,204
2410,241017,19,G1S,237
2410,241017,19,G2M,906
2410,241017,19,S,170
2410,241017,20,G1,41
2410,241017,20,G1S,113
2410,241017,20,G2M,299
2410,241017,20,S,50
2410,241017,21,G1,569
2410,241017,21,G1S,505
2410,241017,21,G2M,1708
2410,241017,21,S,272
2410,241017,22,G1,71
2410,241017,22,G1S,50
2410,241017,22,G2M,865
2410,241017,22,S,77
2410,241017,23,G1,302
2410,241017,23,G1S,236
2410,241017,23,G2M,984
2410,241017,23,S,188
