field_id,folder,Date,FoF,denominator_mask_labels,source_objects,uncertain_labels,all_tiny_labels,gate_sensitive_labels,low_signal_labels,baseline_disagreement_percent,fit_vs_oof_disagreement_percent,baseline_G1S_count,provisional_G1S_count,baseline_G1_count,provisional_G1_count,baseline_S_count,provisional_S_count,baseline_G2M_count,provisional_G2M_count,reporter_low_low_count,expected_low_low_count,reporter_high_low_count,expected_high_low_count,reporter_low_high_count,expected_low_high_count,reporter_high_high_count,expected_high_high_count
231005/1,231005,231005,1,458,805,189,0,175,0,7.423580786026202,0.0,0,0,1,4,0,0,457,265,0,1.04293011111999e-14,35,54.538796621820936,0,2.725022585122585e-07,423,403.46120310567676
231005/2,231005,231005,2,1069,2361,258,4,254,0,16.651075771749298,0.0,0,0,4,66,0,0,1065,742,0,1.2395827344698998e-08,178,175.71958958051056,0,0.00018999321129334654,891,893.2802204138824
231005/3,231005,231005,3,548,767,130,1,124,0,23.722627737226276,0.9124087591240875,0,0,1,51,0,0,547,367,0,1.0477662075569313e-10,131,124.16663170139003,0,8.12105729294713e-05,417,423.83328708793226
231005/4,231005,231005,4,736,1500,185,3,167,0,25.407608695652172,1.2228260869565217,1,0,3,103,1,0,731,446,0,0.00015738180591312454,189,182.0854624757398,0,0.0008056514938063279,547,553.9135744909604
240918/1,2409,240918,1,577,1435,312,6,276,0,58.4055459272097,1.0398613518197575,15,0,55,154,23,0,484,110,0,0.009975362602251743,390,363.9977981261718,0,0.014463275475988982,187,212.97776323575
240918/2,2409,240918,2,668,1418,311,3,289,0,30.988023952095805,0.14970059880239522,1,0,52,99,4,0,611,255,0,0.0022469927386465642,232,226.5471650736127,0,0.003961287109163912,436,441.44662664653947
240918/3,2409,240918,3,436,966,226,1,193,0,61.92660550458715,0.9174311926605505,4,0,16,116,7,0,409,93,0,0.0017775099077092917,280,260.68592908931896,0,0.009187018143180013,156,175.30310638263018
240918/4,2409,240918,4,609,1269,341,3,313,0,48.275862068965516,0.16420361247947454,6,0,19,89,18,0,566,177,0,0.0015119179849475244,309,289.4556369208573,0,0.01397825188718655,300,319.5288729092706
241016/1,2410,241016,1,296,566,99,2,94,0,33.108108108108105,0.0,1,0,172,125,0,0,123,71,0,0.002608112497737629,164,159.32007590186072,0,0.00014154900479497183,132,136.67717443663673
241016/10,2410,241016,10,520,1055,195,0,187,0,23.26923076923077,0.38461538461538464,1,0,259,195,2,0,258,130,0,0.0038704335796829288,266,260.6478381570188,0,0.0011414759178160257,254,259.3471499334837
241016/11,2410,241016,11,489,1139,221,2,216,0,23.92638036809816,1.2269938650306749,2,0,195,129,1,0,291,137,0,0.0022249292869454852,233,220.5421973352075,0,0.0001415271867473718,256,268.4554362083188
241016/12,2410,241016,12,415,870,156,2,142,0,23.6144578313253,0.0,0,0,154,132,2,0,259,126,0,0.0006483415355752741,208,194.83359539647017,0,0.0008644248499745993,207,220.16489183714432
241016/13,2410,241016,13,615,1069,240,2,209,0,33.33333333333333,0.0,0,0,197,247,1,0,417,127,0,0.002836482029968352,372,354.0441266985329,0,0.0013988209473767476,243,260.9516379984898
241016/14,2410,241016,14,531,1312,224,5,210,0,29.943502824858758,0.18832391713747645,1,0,198,186,0,0,332,120,0,0.0016694062121065086,285,271.3136809183427,0,0.0008294354623783294,246,259.68382023998277
241016/2,2410,241016,2,915,2254,321,4,312,0,25.573770491803277,0.0,57,0,614,560,3,0,241,32,0,0.08284837951755446,793,762.9674694344975,0,0.0015750365011956001,122,151.9481071494837
241016/3,2410,241016,3,1358,4731,607,10,582,0,31.516936671575845,0.3681885125184094,12,0,796,656,8,0,542,92,0,0.019395450486507683,1000,957.979667725181,0,0.0048759649840246794,358,399.9960608593484
241016/4,2410,241016,4,591,1407,268,7,261,0,30.79526226734349,0.676818950930626,7,0,327,276,0,0,257,45,0,0.008687085911653033,403,391.88009208645053,0,0.0011145816465060207,188,199.11010624599135
241016/5,2410,241016,5,578,1314,190,4,169,0,32.52595155709342,0.17301038062283738,1,0,161,215,1,0,415,171,0,0.0018770729318623868,296,287.0148596969483,0,0.0007167743327553568,282,290.9825464557871
241016/6,2410,241016,6,722,2070,247,12,225,0,37.396121883656505,0.41551246537396125,6,0,302,360,2,0,412,108,0,0.012415159083611942,498,479.88326715291174,0,0.002349633009086755,224,242.10196805499555
241016/7,2410,241016,7,856,2181,372,7,314,0,51.752336448598136,0.7009345794392523,1,0,224,386,2,0,629,96,0,0.00786063651928647,571,530.9711203010258,0,0.0016007759112576108,285,325.01941828654367
241016/8,2410,241016,8,642,1220,222,5,197,0,36.44859813084112,0.1557632398753894,1,0,262,319,2,0,377,100,0,0.005165976863648712,436,413.1203561416362,0,0.001578060601223125,206,228.8728998208989
241016/9,2410,241016,9,655,1539,188,5,176,0,22.900763358778626,0.7633587786259541,4,0,250,248,1,0,400,216,0,0.008381964886277071,328,319.347596725399,0,0.0011092305635419539,327,335.6429120791512
241017/15,2410,241017,15,739,1946,194,6,179,0,26.65764546684709,0.2706359945872801,9,0,151,197,3,0,576,343,0,0.012405428793009233,318,302.25763029934365,0,0.0034918560673373425,421,436.726472415796
241017/16,2410,241017,16,980,2400,498,8,480,0,42.95918367346939,0.20408163265306123,8,0,270,294,9,0,693,186,0,0.0096640740767064,605,575.2850057692751,0,0.009003801106546822,375,404.69632635554166
241017/17,2410,241017,17,834,1517,362,3,336,0,43.04556354916067,0.0,8,0,117,238,5,0,704,233,0,0.004427008073167472,461,439.0534640361169,0,0.00842330232540433,373,394.93368565348453
241017/18,2410,241017,18,834,1517,351,3,345,0,54.67625899280576,0.2398081534772182,2,0,57,253,4,0,771,227,0,0.0031955130912333833,502,486.9913299905326,0,0.010709869620584605,332,346.99476462675557
241017/19,2410,241017,19,834,1517,401,3,363,0,69.18465227817747,0.2398081534772182,4,0,64,334,7,0,759,97,0,0.0027988334554667426,625,593.328010059882,0,0.011392645474079909,209,240.6577984611884
241017/20,2410,241017,20,255,503,79,0,72,0,34.90196078431372,0.0,0,0,3,58,0,0,252,118,0,0.00016107625855641119,92,87.4503537710321,0,0.0008090263707755668,163,167.54867612633853
241017/21,2410,241017,21,1393,3054,720,14,661,0,47.59511844938981,0.14357501794687724,4,0,118,380,6,0,1265,284,0,0.002084731891358381,755,721.3751954658904,0,0.01135536992716134,638,671.6113644322911
241017/22,2410,241017,22,722,1063,280,2,260,0,27.146814404432135,0.41551246537396125,0,0,13,110,1,0,708,330,0,7.645331688040593e-05,209,208.79871378762766,0,0.002266644347446455,513,513.198943114708
241017/23,2410,241017,23,778,1710,320,6,299,0,46.27249357326478,0.0,2,0,67,211,6,0,703,242,0,0.001193775462601772,419,398.2576227520009,0,0.005828361520413921,359,379.7353551110161
