Date,unit,feature,rows,valid_rows,median_ratio_to_object_mean,spearman_with_object_mean,tiny_object_fraction
231005,exported_object,green_median,5433,5433,0.8253152692228621,0.9426531995569591,0.4380636848886435
231005,exported_object,red_median,5433,5433,0.8998743470373606,0.9409046387949466,0.4380636848886435
231005,exported_object,green_core,5433,5433,3.14248827484017,0.7165587761578054,0.4380636848886435
231005,exported_object,red_core,5433,5433,1.0,0.8180898352162239,0.4380636848886435
240918,exported_object,green_median,5088,5088,0.7346833686037317,0.7870367981249434,0.504127358490566
240918,exported_object,red_median,5088,5088,0.9179392197145804,0.8592805537843845,0.504127358490566
240918,exported_object,green_core,5088,5088,1.8874101611292007,0.7585646781237297,0.504127358490566
240918,exported_object,red_core,5088,5088,1.004849079519444,0.7808087664716027,0.504127358490566
241016,exported_object,green_median,22727,22727,0.929126367407085,0.8226090652734311,0.5547146565758789
241016,exported_object,red_median,22727,22727,0.963490113238876,0.8210530900201484,0.5547146565758789
241016,exported_object,green_core,22727,22727,1.3322474874693673,0.805843996783262,0.5547146565758789
241016,exported_object,red_core,22727,22727,1.0,0.7829715582575858,0.5547146565758789
241017,exported_object,green_median,15227,15227,0.7279670720133368,0.8028077526499375,0.4718591974781638
241017,exported_object,red_median,15227,15227,0.9103139077274391,0.8463234762427572,0.4718591974781638
241017,exported_object,green_core,15227,15227,2.489124735348549,0.7706816039210511,0.4718591974781638
241017,exported_object,red_core,15227,15227,1.0,0.7844978309427532,0.4718591974781638
