field_id,image_dir,raw_images_available,mask_path,mask_volumes_match,mask_components_match,image_measurements_checked,image_measurements_match,image_measurements_compared,calibration_ready,metadata_files,green_planes,red_planes,mask_sha256
231005/1,/Users/4470246/Repositories/CellCycle4DataIntegration/data4paper/A01_rawData/FoF1_231005_fluorescent.nucleus,True,,False,False,True,True,20,False,2.0,70.0,70.0,
231005/2,/Users/4470246/Repositories/CellCycle4DataIntegration/data4paper/A01_rawData/FoF2_231005_fluorescent.nucleus,True,,False,False,True,True,20,False,2.0,70.0,70.0,
231005/3,/Users/4470246/Repositories/CellCycle4DataIntegration/data4paper/A01_rawData/FoF3_231005_fluorescent.nucleus,True,,False,False,True,True,20,False,2.0,70.0,70.0,
231005/4,/Users/4470246/Repositories/CellCycle4DataIntegration/data4paper/A01_rawData/FoF4_231005_fluorescent.nucleus,True,,False,False,True,True,20,False,2.0,70.0,70.0,
240918/1,/Users/4470246/Repositories/CellCycle4DataIntegration/data4paper/A01_rawData/FoF1_240918_fluorescent.nucleus,True,,False,False,True,True,20,False,2.0,70.0,70.0,
240918/2,/Users/4470246/Repositories/CellCycle4DataIntegration/data4paper/A01_rawData/FoF2_240918_fluorescent.nucleus,True,,False,False,True,True,20,False,2.0,70.0,70.0,
240918/3,/Users/4470246/Repositories/CellCycle4DataIntegration/data4paper/A01_rawData/FoF3_240918_fluorescent.nucleus,True,,False,False,True,True,20,False,2.0,70.0,70.0,
240918/4,/Users/4470246/Repositories/CellCycle4DataIntegration/data4paper/A01_rawData/FoF4_240918_fluorescent.nucleus,True,,False,False,True,True,20,False,2.0,70.0,70.0,
241016/1,,False,/Users/4470246/Downloads/FoF1_241016_fucci.nucleus_masks.tif,True,True,False,False,0,False,,,,fdb6ac19e9d1efcd9eec4b488f4381437626dc1012b5660cd383267f4ffeee29
241016/10,,False,,False,False,False,False,0,False,,,,
241016/11,,False,,False,False,False,False,0,False,,,,
241016/12,,False,,False,False,False,False,0,False,,,,
241016/13,,False,,False,False,False,False,0,False,,,,
241016/14,,False,/Users/4470246/Downloads/FoF14_241016_fucci.nucleus_masks.tif,True,True,False,False,0,False,,,,386529149c9888971d8ec5aaeac550177617d2829136928ba6ecd05e3f4aeed1
241016/2,,False,,False,False,False,False,0,False,,,,
241016/3,,False,,False,False,False,False,0,False,,,,
241016/4,,False,,False,False,False,False,0,False,,,,
241016/5,/Users/4470246/Repositories/CellCycle4DataIntegration/data4paper/A01_rawData/FoF5_241016_fucci.nucleus,True,,False,False,True,True,20,False,2.0,70.0,70.0,
241016/6,,False,,False,False,False,False,0,False,,,,
241016/7,/Users/4470246/Repositories/CellCycle4DataIntegration/data4paper/A01_rawData/FoF7_241016_fucci.nucleus,True,,False,False,True,True,20,False,2.0,70.0,70.0,
241016/8,,False,,False,False,False,False,0,False,,,,
241016/9,,False,,False,False,False,False,0,False,,,,
241017/15,,False,,False,False,False,False,0,False,,,,
241017/16,,False,,False,False,False,False,0,False,,,,
241017/17,,False,,False,False,False,False,0,False,,,,
241017/18,,False,,False,False,False,False,0,False,,,,
241017/19,,False,,False,False,False,False,0,False,,,,
241017/20,,False,,False,False,False,False,0,False,,,,
241017/21,/Users/4470246/Repositories/CellCycle4DataIntegration/data4paper/A01_rawData/FoF21_241017_fucci.nucleus,True,,False,False,True,True,20,False,2.0,70.0,70.0,
241017/22,,False,,False,False,False,False,0,False,,,,
241017/23,/Users/4470246/Repositories/CellCycle4DataIntegration/data4paper/A01_rawData/FoF23_241017_fucci.nucleus,True,,False,False,True,True,20,False,2.0,70.0,70.0,
