field_id,object_id,channel,volume,exported_mean,image_mean,absolute_error,matched,method
231005/1,231005/1/734,green,1,0.002090486,0.0020904859993606806,6.393193266451824e-13,True,Full occupied bounding box of <=8 voxels; integer dtype normalization
231005/1,231005/1/734,red,1,0.008484016,0.008484016172587872,1.7258787107787832e-10,True,Full occupied bounding box of <=8 voxels; integer dtype normalization
231005/1,231005/1/182,green,1,0.053559165,0.05355916544795036,4.479503643017857e-10,True,Full occupied bounding box of <=8 voxels; integer dtype normalization
231005/1,231005/1/182,red,1,0.00952163,0.00952162966132164,3.3867835966261417e-10,True,Full occupied bounding box of <=8 voxels; integer dtype normalization
231005/1,231005/1/478,green,2,0.016922256,0.016922256210818887,2.1081888665341886e-10,True,Full occupied bounding box of <=8 voxels; integer dtype normalization
231005/1,231005/1/478,red,2,0.013099871,0.013099870644509792,3.55490208450715e-10,True,Full occupied bounding box of <=8 voxels; integer dtype normalization
231005/1,231005/1/725,green,1,0.001495384,0.001495384145528078,1.4552807808647372e-10,True,Full occupied bounding box of <=8 voxels; integer dtype normalization
231005/1,231005/1/725,red,1,0.009292744,0.009292744100093842,1.0009384120157616e-10,True,Full occupied bounding box of <=8 voxels; integer dtype normalization
231005/1,231005/1/619,green,2,0.0347982,0.034798200242221355,2.4222135408535905e-10,True,Full occupied bounding box of <=8 voxels; integer dtype normalization
231005/1,231005/1/619,red,2,0.012352179,0.012352178804576397,1.9542360264745984e-10,True,Full occupied bounding box of <=8 voxels; integer dtype normalization
231005/1,231005/1/153,green,1,0.001312276,0.0013122758828103542,1.1718964579125746e-10,True,Full occupied bounding box of <=8 voxels; integer dtype normalization
231005/1,231005/1/153,red,1,0.007766842,0.0077668423764407635,3.764407631098865e-10,True,Full occupied bounding box of <=8 voxels; integer dtype normalization
231005/1,231005/1/785,green,1,0.008392463,0.008392462506890297,4.931097023763709e-10,True,Full occupied bounding box of <=8 voxels; integer dtype normalization
231005/1,231005/1/785,red,1,0.00794995,0.0079499501734972,1.7349719924619755e-10,True,Full occupied bounding box of <=8 voxels; integer dtype normalization
231005/1,231005/1/337,green,1,0.096620128,0.09662012755870819,4.412918086504902e-10,True,Full occupied bounding box of <=8 voxels; integer dtype normalization
231005/1,231005/1/337,red,1,0.008285649,0.008285649120807648,1.2080764687227852e-10,True,Full occupied bounding box of <=8 voxels; integer dtype normalization
231005/1,231005/1/357,green,2,0.019264515,0.01926451548933983,4.893398290739537e-10,True,Full occupied bounding box of <=8 voxels; integer dtype normalization
231005/1,231005/1/357,red,2,0.023796445,0.02379644475877285,2.412271493668072e-10,True,Full occupied bounding box of <=8 voxels; integer dtype normalization
231005/1,231005/1/256,green,1,0.040787365,0.04078736528754234,2.875423441017766e-10,True,Full occupied bounding box of <=8 voxels; integer dtype normalization
231005/1,231005/1/256,red,1,0.008194095,0.008194094523787498,4.76212501723805e-10,True,Full occupied bounding box of <=8 voxels; integer dtype normalization
231005/2,231005/2/4483,green,1,0.002044709,0.0020447089336812496,6.63187504044982e-11,True,Full occupied bounding box of <=8 voxels; integer dtype normalization
231005/2,231005/2/4483,red,1,0.032944229,0.03294422850012779,4.998722061277938e-10,True,Full occupied bounding box of <=8 voxels; integer dtype normalization
231005/2,231005/2/2822,green,1,0.001937896,0.001937895780429244,2.1957075589142117e-10,True,Full occupied bounding box of <=8 voxels; integer dtype normalization
231005/2,231005/2/2822,red,1,0.018127719,0.018127718940377235,5.962276505844244e-11,True,Full occupied bounding box of <=8 voxels; integer dtype normalization
231005/2,231005/2/4128,green,1,0.002136263,0.0021362630650401115,6.504011175120783e-11,True,Full occupied bounding box of <=8 voxels; integer dtype normalization
231005/2,231005/2/4128,red,1,0.012085145,0.012085145339369774,3.3936977360260467e-10,True,Full occupied bounding box of <=8 voxels; integer dtype normalization
231005/2,231005/2/3679,green,1,0.002258335,0.0022583352401852608,2.4018526056934775e-10,True,Full occupied bounding box of <=8 voxels; integer dtype normalization
231005/2,231005/2/3679,red,1,0.049225606,0.04922560602426529,2.4265291165281866e-11,True,Full occupied bounding box of <=8 voxels; integer dtype normalization
231005/2,231005/2/2692,green,1,0.001937896,0.001937895780429244,2.1957075589142117e-10,True,Full occupied bounding box of <=8 voxels; integer dtype normalization
231005/2,231005/2/2692,red,1,0.018112458,0.018112458288669586,2.886695847637011e-10,True,Full occupied bounding box of <=8 voxels; integer dtype normalization
231005/2,231005/2/3826,green,1,0.002212558,0.00221255817450583,1.745058299251756e-10,True,Full occupied bounding box of <=8 voxels; integer dtype normalization
231005/2,231005/2/3826,red,1,0.008484016,0.008484016172587872,1.7258787107787832e-10,True,Full occupied bounding box of <=8 voxels; integer dtype normalization
231005/2,231005/2/2740,green,1,0.001983673,0.001983672846108675,1.538913250304086e-10,True,Full occupied bounding box of <=8 voxels; integer dtype normalization
231005/2,231005/2/2740,red,1,0.011444267,0.011444266885519028,1.1448097157751302e-10,True,Full occupied bounding box of <=8 voxels; integer dtype normalization
231005/2,231005/2/3219,green,1,0.002151522,0.002151522086933255,8.693325529926521e-11,True,Full occupied bounding box of <=8 voxels; integer dtype normalization
231005/2,231005/2/3219,red,1,0.011947814,0.011947814375162125,3.7516212532395787e-10,True,Full occupied bounding box of <=8 voxels; integer dtype normalization
231005/2,231005/2/4286,green,1,0.076523997,0.07652399688959122,1.1040877934131998e-10,True,Full occupied bounding box of <=8 voxels; integer dtype normalization
231005/2,231005/2/4286,red,1,0.00779736,0.007797360420227051,4.20227051073363e-10,True,Full occupied bounding box of <=8 voxels; integer dtype normalization
231005/2,231005/2/3754,green,1,0.04818799,0.0481879897415638,2.584362029933729e-10,True,Full occupied bounding box of <=8 voxels; integer dtype normalization
231005/2,231005/2/3754,red,1,0.026489662,0.026489662006497383,6.497382493142467e-12,True,Full occupied bounding box of <=8 voxels; integer dtype normalization
231005/3,231005/3/6612,green,2,0.002235447,0.0022354467073455453,2.9265445492324127e-10,True,Full occupied bounding box of <=8 voxels; integer dtype normalization
231005/3,231005/3/6612,red,2,0.008087282,0.008087281603366137,3.9663386290633706e-10,True,Full occupied bounding box of <=8 voxels; integer dtype normalization
231005/3,231005/3/6576,green,1,0.002288853,0.002288853283971548,2.839715480991434e-10,True,Full occupied bounding box of <=8 voxels; integer dtype normalization
231005/3,231005/3/6576,red,1,0.008407721,0.008407721295952797,2.9595279699146104e-10,True,Full occupied bounding box of <=8 voxels; integer dtype normalization
231005/3,231005/3/6100,green,1,0.081177995,0.08117799460887909,3.9112091343440625e-10,True,Full occupied bounding box of <=8 voxels; integer dtype normalization
231005/3,231005/3/6100,red,1,0.054993514,0.054993513971567154,2.843284635511978e-11,True,Full occupied bounding box of <=8 voxels; integer dtype normalization
231005/3,231005/3/6505,green,2,0.037056534,0.03705653361976147,3.802385351026061e-10,True,Full occupied bounding box of <=8 voxels; integer dtype normalization
231005/3,231005/3/6505,red,2,0.019218738,0.019218738190829754,1.908297547759119e-10,True,Full occupied bounding box of <=8 voxels; integer dtype normalization
231005/3,231005/3/6360,green,1,0.002395666,0.0023956664372235537,4.372235538029068e-10,True,Full occupied bounding box of <=8 voxels; integer dtype normalization
231005/3,231005/3/6360,red,1,0.007980469,0.007980468682944775,3.170552258235926e-10,True,Full occupied bounding box of <=8 voxels; integer dtype normalization
231005/3,231005/3/6222,green,1,0.001800565,0.0018005645833909512,4.1660904890813977e-10,True,Full occupied bounding box of <=8 voxels; integer dtype normalization
231005/3,231005/3/6222,red,1,0.008194095,0.008194094523787498,4.76212501723805e-10,True,Full occupied bounding box of <=8 voxels; integer dtype normalization
231005/3,231005/3/6556,green,1,0.001739528,0.0017395284958183765,4.958183765901153e-10,True,Full occupied bounding box of <=8 voxels; integer dtype normalization
231005/3,231005/3/6556,red,1,0.009155413,0.009155413135886192,1.3588619292292936e-10,True,Full occupied bounding box of <=8 voxels; integer dtype normalization
231005/3,231005/3/6428,green,2,0.059647518,0.05964751832652837,3.2652837378410737e-10,True,Full occupied bounding box of <=8 voxels; integer dtype normalization
231005/3,231005/3/6428,red,2,0.02183566,0.021835659630596638,3.694033620660342e-10,True,Full occupied bounding box of <=8 voxels; integer dtype normalization
231005/3,231005/3/6602,green,1,0.008300908,0.008300907909870148,9.012985149881025e-11,True,Full occupied bounding box of <=8 voxels; integer dtype normalization
231005/3,231005/3/6602,red,1,0.01075761,0.010757610201835632,2.0183563154141382e-10,True,Full occupied bounding box of <=8 voxels; integer dtype normalization
231005/3,231005/3/6156,green,3,0.168337526,0.1683375264207522,4.2075221085013936e-10,True,Full occupied bounding box of <=8 voxels; integer dtype normalization
231005/3,231005/3/6156,red,3,0.053177691,0.05317769137521585,3.7521585144473235e-10,True,Full occupied bounding box of <=8 voxels; integer dtype normalization
231005/4,231005/4/8668,green,1,0.173327222,0.1733272224664688,4.664688080247004e-10,True,Full occupied bounding box of <=8 voxels; integer dtype normalization
231005/4,231005/4/8668,red,1,0.008026246,0.00802624598145485,1.8545151525550807e-11,True,Full occupied bounding box of <=8 voxels; integer dtype normalization
231005/4,231005/4/8361,green,1,0.010681315,0.010681315325200558,3.2520055745499654e-10,True,Full occupied bounding box of <=8 voxels; integer dtype normalization
231005/4,231005/4/8361,red,1,0.008865491,0.00886549148708582,4.870858195948902e-10,True,Full occupied bounding box of <=8 voxels; integer dtype normalization
231005/4,231005/4/8221,green,1,0.006790265,0.00679026497527957,2.47204305636739e-11,True,Full occupied bounding box of <=8 voxels; integer dtype normalization
231005/4,231005/4/8221,red,1,0.007995727,0.007995727472007275,4.720072752789628e-10,True,Full occupied bounding box of <=8 voxels; integer dtype normalization
231005/4,231005/4/9009,green,1,0.013458458,0.01345845777541399,2.2458600951180685e-10,True,Full occupied bounding box of <=8 voxels; integer dtype normalization
231005/4,231005/4/9009,red,1,0.008148318,0.008148318156599998,1.5659999859363172e-10,True,Full occupied bounding box of <=8 voxels; integer dtype normalization
231005/4,231005/4/9049,green,1,0.018036164,0.018036164343357086,3.4335708581911817e-10,True,Full occupied bounding box of <=8 voxels; integer dtype normalization
231005/4,231005/4/9049,red,1,0.015625238,0.0156252384185791,4.185791019351015e-10,True,Full occupied bounding box of <=8 voxels; integer dtype normalization
231005/4,231005/4/8702,green,8,0.058945602,0.05894560203887522,3.8875222485579286e-11,True,Full occupied bounding box of <=8 voxels; integer dtype normalization
231005/4,231005/4/8702,red,8,0.02578584,0.025785839883610606,1.1638939464986287e-10,True,Full occupied bounding box of <=8 voxels; integer dtype normalization
231005/4,231005/4/8546,green,1,0.055878539,0.05587853863835335,3.6164665012661246e-10,True,Full occupied bounding box of <=8 voxels; integer dtype normalization
231005/4,231005/4/8546,red,1,0.008377203,0.008377202786505222,2.1349477741239298e-10,True,Full occupied bounding box of <=8 voxels; integer dtype normalization
231005/4,231005/4/9022,green,1,0.021683071,0.021683070808649063,1.9135093856648133e-10,True,Full occupied bounding box of <=8 voxels; integer dtype normalization
231005/4,231005/4/9022,red,1,0.007904174,0.0079041738063097,1.9369029991000986e-10,True,Full occupied bounding box of <=8 voxels; integer dtype normalization
231005/4,231005/4/8227,green,2,0.141710542,0.1417105421423912,1.423912099340896e-10,True,Full occupied bounding box of <=8 voxels; integer dtype normalization
231005/4,231005/4/8227,red,2,0.072899979,0.07289997860789299,3.921070135248783e-10,True,Full occupied bounding box of <=8 voxels; integer dtype normalization
231005/4,231005/4/8639,green,1,0.13893339,0.13893339037895203,3.7895203641724606e-10,True,Full occupied bounding box of <=8 voxels; integer dtype normalization
231005/4,231005/4/8639,red,1,0.008667124,0.008667124435305595,4.3530559538929037e-10,True,Full occupied bounding box of <=8 voxels; integer dtype normalization
240918/1,240918/1/2135,green,1,0.002349889,0.0023498893715441227,3.7154412272505377e-10,True,Full occupied bounding box of <=8 voxels; integer dtype normalization
240918/1,240918/1/2135,red,1,0.008041505,0.00804150477051735,2.2948264989663958e-10,True,Full occupied bounding box of <=8 voxels; integer dtype normalization
240918/1,240918/1/1847,green,6,0.008143232,0.008143231505528092,4.944719078636695e-10,True,Full occupied bounding box of <=8 voxels; integer dtype normalization
240918/1,240918/1/1847,red,6,0.009714911,0.00971491060530146,3.9469853947704525e-10,True,Full occupied bounding box of <=8 voxels; integer dtype normalization
240918/1,240918/1/1141,green,1,0.001495384,0.001495384145528078,1.4552807808647372e-10,True,Full occupied bounding box of <=8 voxels; integer dtype normalization
240918/1,240918/1/1141,red,1,0.008499275,0.008499274961650372,3.834962902793393e-11,True,Full occupied bounding box of <=8 voxels; integer dtype normalization
240918/1,240918/1/1365,green,2,0.008445869,0.008445868617855012,3.821449875290872e-10,True,Full occupied bounding box of <=8 voxels; integer dtype normalization
240918/1,240918/1/1365,red,2,0.008430609,0.008430609479546547,4.795465465695647e-10,True,Full occupied bounding box of <=8 voxels; integer dtype normalization
240918/1,240918/1/1097,green,2,0.019707026,0.019707026076503098,7.650309899465135e-11,True,Full occupied bounding box of <=8 voxels; integer dtype normalization
240918/1,240918/1/1097,red,2,0.00780499,0.0078049900475889444,4.758894407014269e-11,True,Full occupied bounding box of <=8 voxels; integer dtype normalization
240918/1,240918/1/1308,green,1,0.001937896,0.001937895780429244,2.1957075589142117e-10,True,Full occupied bounding box of <=8 voxels; integer dtype normalization
240918/1,240918/1/1308,red,1,0.016174564,0.016174564138054848,1.3805484880280439e-10,True,Full occupied bounding box of <=8 voxels; integer dtype normalization
240918/1,240918/1/1756,green,2,0.001899748,0.001899748225696385,2.2569638497525746e-10,True,Full occupied bounding box of <=8 voxels; integer dtype normalization
240918/1,240918/1/1756,red,2,0.010795758,0.010795758105814457,1.0581445615553964e-10,True,Full occupied bounding box of <=8 voxels; integer dtype normalization
240918/1,240918/1/1994,green,1,0.010833906,0.010833906009793282,9.793280769665458e-12,True,Full occupied bounding box of <=8 voxels; integer dtype normalization
240918/1,240918/1/1994,red,1,0.007751583,0.007751583121716976,1.217169759079595e-10,True,Full occupied bounding box of <=8 voxels; integer dtype normalization
240918/1,240918/1/1262,green,1,0.001541161,0.001541161211207509,2.112075089474863e-10,True,Full occupied bounding box of <=8 voxels; integer dtype normalization
240918/1,240918/1/1262,red,1,0.013946746,0.013946746475994587,4.759945874954763e-10,True,Full occupied bounding box of <=8 voxels; integer dtype normalization
240918/1,240918/1/1160,green,2,0.001724269,0.0017242694739252329,4.739252328252175e-10,True,Full occupied bounding box of <=8 voxels; integer dtype normalization
240918/1,240918/1/1160,red,2,0.018982223,0.018982222769409418,2.3059058135155297e-10,True,Full occupied bounding box of <=8 voxels; integer dtype normalization
240918/2,240918/2/5637,green,1,0.00280766,0.0028076600283384323,2.8338432295216265e-11,True,Full occupied bounding box of <=8 voxels; integer dtype normalization
240918/2,240918/2/5637,red,1,0.008026246,0.00802624598145485,1.8545151525550807e-11,True,Full occupied bounding box of <=8 voxels; integer dtype normalization
240918/2,240918/2/4952,green,3,0.006520689,0.006520688689003388,3.109966112760376e-10,True,Full occupied bounding box of <=8 voxels; integer dtype normalization
240918/2,240918/2/4952,red,3,0.009185931,0.009185931334892908,3.348929085433827e-10,True,Full occupied bounding box of <=8 voxels; integer dtype normalization
240918/2,240918/2/5485,green,1,0.00608835,0.0060883499681949615,3.180503863747797e-11,True,Full occupied bounding box of <=8 voxels; integer dtype normalization
240918/2,240918/2/5485,red,1,0.009308004,0.009308003820478916,1.7952108376240172e-10,True,Full occupied bounding box of <=8 voxels; integer dtype normalization
240918/2,240918/2/5678,green,1,0.002349889,0.0023498893715441227,3.7154412272505377e-10,True,Full occupied bounding box of <=8 voxels; integer dtype normalization
240918/2,240918/2/5678,red,1,0.020355536,0.02035553567111492,3.288850788929487e-10,True,Full occupied bounding box of <=8 voxels; integer dtype normalization
240918/2,240918/2/4954,green,1,0.002410925,0.0024109254591166973,4.5911669735096416e-10,True,Full occupied bounding box of <=8 voxels; integer dtype normalization
240918/2,240918/2/4954,red,1,0.008453499,0.008453498594462872,4.0553712818414134e-10,True,Full occupied bounding box of <=8 voxels; integer dtype normalization
240918/2,240918/2/5615,green,1,0.006744488,0.006744487676769495,3.2323050486171567e-10,True,Full occupied bounding box of <=8 voxels; integer dtype normalization
240918/2,240918/2/5615,red,1,0.025146868,0.02514686807990074,7.990074227248734e-11,True,Full occupied bounding box of <=8 voxels; integer dtype normalization
240918/2,240918/2/5344,green,1,0.001770047,0.0017700465396046638,4.6039533622109496e-10,True,Full occupied bounding box of <=8 voxels; integer dtype normalization
240918/2,240918/2/5344,red,1,0.008346685,0.008346685208380222,2.0838022279923152e-10,True,Full occupied bounding box of <=8 voxels; integer dtype normalization
240918/2,240918/2/5956,green,1,0.004715038,0.004715037997812033,2.1879676889713373e-12,True,Full occupied bounding box of <=8 voxels; integer dtype normalization
240918/2,240918/2/5956,red,1,0.008712902,0.00871290173381567,2.66184329786312e-10,True,Full occupied bounding box of <=8 voxels; integer dtype normalization
240918/2,240918/2/5508,green,1,0.002243076,0.002243076218292117,2.1829211702129037e-10,True,Full occupied bounding box of <=8 voxels; integer dtype normalization
240918/2,240918/2/5508,red,1,0.009765774,0.009765774011611938,1.1611938841027403e-11,True,Full occupied bounding box of <=8 voxels; integer dtype normalization
240918/2,240918/2/5714,green,1,0.00265507,0.0026550698094069958,1.9059300405271928e-10,True,Full occupied bounding box of <=8 voxels; integer dtype normalization
240918/2,240918/2/5714,red,1,0.008773938,0.008773937821388245,1.786117555940825e-10,True,Full occupied bounding box of <=8 voxels; integer dtype normalization
240918/3,240918/3/7722,green,1,0.017608911,0.01760891079902649,2.0097351213776982e-10,True,Full occupied bounding box of <=8 voxels; integer dtype normalization
240918/3,240918/3/7722,red,1,0.00889601,0.008896009996533394,3.466605474899964e-12,True,Full occupied bounding box of <=8 voxels; integer dtype normalization
240918/3,240918/3/7559,green,2,0.002067597,0.002067597466520965,4.665209650880908e-10,True,Full occupied bounding box of <=8 voxels; integer dtype normalization
240918/3,240918/3/7559,red,2,0.015922789,0.015922789461910725,4.6191072494705665e-10,True,Full occupied bounding box of <=8 voxels; integer dtype normalization
240918/3,240918/3/7503,green,1,0.00265507,0.0026550698094069958,1.9059300405271928e-10,True,Full occupied bounding box of <=8 voxels; integer dtype normalization
240918/3,240918/3/7503,red,1,0.009216449,0.009216449223458767,2.2345876711515889e-10,True,Full occupied bounding box of <=8 voxels; integer dtype normalization
240918/3,240918/3/7591,green,1,0.002090486,0.0020904859993606806,6.393193266451824e-13,True,Full occupied bounding box of <=8 voxels; integer dtype normalization
240918/3,240918/3/7591,red,1,0.009384299,0.00938429869711399,3.0288600967598445e-10,True,Full occupied bounding box of <=8 voxels; integer dtype normalization
240918/3,240918/3/6990,green,1,0.063324943,0.0633249431848526,1.8485260544487403e-10,True,Full occupied bounding box of <=8 voxels; integer dtype normalization
240918/3,240918/3/6990,red,1,0.010620279,0.010620279237627983,2.37627983262767e-10,True,Full occupied bounding box of <=8 voxels; integer dtype normalization
240918/3,240918/3/7501,green,1,0.002288853,0.002288853283971548,2.839715480991434e-10,True,Full occupied bounding box of <=8 voxels; integer dtype normalization
240918/3,240918/3/7501,red,1,0.008438239,0.008438238874077797,1.2592220322016345e-10,True,Full occupied bounding box of <=8 voxels; integer dtype normalization
240918/3,240918/3/7052,green,1,0.001968414,0.0019684138242155313,1.7578446857846597e-10,True,Full occupied bounding box of <=8 voxels; integer dtype normalization
240918/3,240918/3/7052,red,1,0.009597925,0.009597924537956715,4.620432855761969e-10,True,Full occupied bounding box of <=8 voxels; integer dtype normalization
240918/3,240918/3/7065,green,1,0.013778897,0.013778897002339363,2.339363078251999e-12,True,Full occupied bounding box of <=8 voxels; integer dtype normalization
240918/3,240918/3/7065,red,1,0.008056764,0.00805676355957985,4.4042015000245183e-10,True,Full occupied bounding box of <=8 voxels; integer dtype normalization
240918/3,240918/3/6879,green,1,0.053238727,0.053238727152347565,1.5234756511883774e-10,True,Full occupied bounding box of <=8 voxels; integer dtype normalization
240918/3,240918/3/6879,red,1,0.019287404,0.01928740367293358,3.2706642255631024e-10,True,Full occupied bounding box of <=8 voxels; integer dtype normalization
240918/3,240918/3/7459,green,1,0.002471962,0.002471961546689272,4.5331072793045046e-10,True,Full occupied bounding box of <=8 voxels; integer dtype normalization
240918/3,240918/3/7459,red,1,0.008621347,0.00862134713679552,1.367955210912486e-10,True,Full occupied bounding box of <=8 voxels; integer dtype normalization
240918/4,240918/4/9767,green,4,0.012260624,0.01226062432397157,3.239715700570356e-10,True,Full occupied bounding box of <=8 voxels; integer dtype normalization
240918/4,240918/4/9767,red,4,0.01731136,0.017311360454186797,4.541867958118839e-10,True,Full occupied bounding box of <=8 voxels; integer dtype normalization
240918/4,240918/4/10513,green,1,0.000976577,0.0009765774011611938,4.0116119389040084e-10,True,Full occupied bounding box of <=8 voxels; integer dtype normalization
240918/4,240918/4/10513,red,1,0.011627375,0.011627375148236752,1.4823675099917555e-10,True,Full occupied bounding box of <=8 voxels; integer dtype normalization
240918/4,240918/4/9700,green,1,0.002471962,0.002471961546689272,4.5331072793045046e-10,True,Full occupied bounding box of <=8 voxels; integer dtype normalization
240918/4,240918/4/9700,red,1,0.010238804,0.010238803923130035,7.686996525424483e-11,True,Full occupied bounding box of <=8 voxels; integer dtype normalization
240918/4,240918/4/9914,green,1,0.002532998,0.0025329976342618465,3.6573815330454007e-10,True,Full occupied bounding box of <=8 voxels; integer dtype normalization
240918/4,240918/4/9914,red,1,0.031280994,0.0312809944152832,4.152832036585785e-10,True,Full occupied bounding box of <=8 voxels; integer dtype normalization
240918/4,240918/4/10453,green,1,0.002365148,0.0023651483934372663,3.9343726627311115e-10,True,Full occupied bounding box of <=8 voxels; integer dtype normalization
240918/4,240918/4/10453,red,1,0.009018082,0.009018082171678543,1.7167854290955908e-10,True,Full occupied bounding box of <=8 voxels; integer dtype normalization
240918/4,240918/4/9754,green,1,0.002197299,0.002197299152612686,1.5261268594343735e-10,True,Full occupied bounding box of <=8 voxels; integer dtype normalization
240918/4,240918/4/9754,red,1,0.009308004,0.009308003820478916,1.7952108376240172e-10,True,Full occupied bounding box of <=8 voxels; integer dtype normalization
240918/4,240918/4/9481,green,1,0.00218204,0.0021820401307195425,1.3071954239537997e-10,True,Full occupied bounding box of <=8 voxels; integer dtype normalization
240918/4,240918/4/9481,red,1,0.009216449,0.009216449223458767,2.2345876711515889e-10,True,Full occupied bounding box of <=8 voxels; integer dtype normalization
240918/4,240918/4/10503,green,1,0.001968414,0.0019684138242155313,1.7578446857846597e-10,True,Full occupied bounding box of <=8 voxels; integer dtype normalization
240918/4,240918/4/10503,red,1,0.0081178,0.008117799647152424,3.528475758102223e-10,True,Full occupied bounding box of <=8 voxels; integer dtype normalization
240918/4,240918/4/10123,green,1,0.014358739,0.014358739368617535,3.6861753406614017e-10,True,Full occupied bounding box of <=8 voxels; integer dtype normalization
240918/4,240918/4/10123,red,1,0.008560311,0.008560311049222946,4.922294689901907e-11,True,Full occupied bounding box of <=8 voxels; integer dtype normalization
240918/4,240918/4/10118,green,1,0.002227817,0.0022278171963989735,1.9639897347323299e-10,True,Full occupied bounding box of <=8 voxels; integer dtype normalization
240918/4,240918/4/10118,red,1,0.010955978,0.01095597818493843,1.8493843088884798e-10,True,Full occupied bounding box of <=8 voxels; integer dtype normalization
241016/5,241016/5/20606,green,4,0.002803845,0.0028038452728651464,2.7286514627661296e-10,True,Full occupied bounding box of <=8 voxels; integer dtype normalization
241016/5,241016/5/20606,red,4,0.0120965898968279,0.012096589896827936,3.642919299551295e-17,True,Full occupied bounding box of <=8 voxels; integer dtype normalization
241016/5,241016/5/19982,green,1,0.058869306,0.05886930599808693,1.9130738659889346e-12,True,Full occupied bounding box of <=8 voxels; integer dtype normalization
241016/5,241016/5/19982,red,1,0.007980469,0.007980468682944775,3.170552258235926e-10,True,Full occupied bounding box of <=8 voxels; integer dtype normalization
241016/5,241016/5/19763,green,1,0.009750515,0.009750515222549438,2.2254943894683965e-10,True,Full occupied bounding box of <=8 voxels; integer dtype normalization
241016/5,241016/5/19763,red,1,0.007812619,0.00781261920928955,2.0928955096755075e-10,True,Full occupied bounding box of <=8 voxels; integer dtype normalization
241016/5,241016/5/20721,green,1,0.00250248,0.0025024795904755592,4.095244408343357e-10,True,Full occupied bounding box of <=8 voxels; integer dtype normalization
241016/5,241016/5/20721,red,1,0.008361944,0.008361943997442722,2.5572773065807297e-12,True,Full occupied bounding box of <=8 voxels; integer dtype normalization
241016/5,241016/5/20104,green,2,0.032158389,0.03215838875621557,2.437844301428349e-10,True,Full occupied bounding box of <=8 voxels; integer dtype normalization
241016/5,241016/5/20104,red,2,0.0156710157170891,0.015671015717089176,7.632783294297951e-17,True,Full occupied bounding box of <=8 voxels; integer dtype normalization
241016/5,241016/5/20687,green,2,0.002838178,0.0028381780721247196,7.21247198250119e-11,True,Full occupied bounding box of <=8 voxels; integer dtype normalization
241016/5,241016/5/20687,red,2,0.0140230413526296,0.014023041352629662,6.071532165918825e-17,True,Full occupied bounding box of <=8 voxels; integer dtype normalization
241016/5,241016/5/20685,green,4,0.0134203096386045,0.013420309638604522,2.2551405187698492e-17,True,Full occupied bounding box of <=8 voxels; integer dtype normalization
241016/5,241016/5/20685,red,4,0.0106851302552968,0.010685130255296826,2.6020852139652106e-17,True,Full occupied bounding box of <=8 voxels; integer dtype normalization
241016/5,241016/5/20310,green,1,0.003158618,0.0031586175318807364,4.681192638383846e-10,True,Full occupied bounding box of <=8 voxels; integer dtype normalization
241016/5,241016/5/20310,red,1,0.008361944,0.008361943997442722,2.5572773065807297e-12,True,Full occupied bounding box of <=8 voxels; integer dtype normalization
241016/5,241016/5/20208,green,1,0.002639811,0.002639810787513852,2.1248614803445753e-10,True,Full occupied bounding box of <=8 voxels; integer dtype normalization
241016/5,241016/5/20208,red,1,0.008026246,0.00802624598145485,1.8545151525550807e-11,True,Full occupied bounding box of <=8 voxels; integer dtype normalization
241016/5,241016/5/20384,green,1,0.009918365,0.009918364696204662,3.037953378443037e-10,True,Full occupied bounding box of <=8 voxels; integer dtype normalization
241016/5,241016/5/20384,red,1,0.0180209055542945,0.018020905554294586,8.673617379884035e-17,True,Full occupied bounding box of <=8 voxels; integer dtype normalization
241016/7,241016/7/23583,green,1,0.002624552,0.0026245517656207085,2.343792915825149e-10,True,Full occupied bounding box of <=8 voxels; integer dtype normalization
241016/7,241016/7/23583,red,1,0.008300908,0.008300907909870148,9.012985149881025e-11,True,Full occupied bounding box of <=8 voxels; integer dtype normalization
241016/7,241016/7/23046,green,1,0.006500343,0.0065003433264791965,3.2647919697564864e-10,True,Full occupied bounding box of <=8 voxels; integer dtype normalization
241016/7,241016/7/23046,red,1,0.0184328984469175,0.018432898446917534,3.469446951953614e-17,True,Full occupied bounding box of <=8 voxels; integer dtype normalization
241016/7,241016/7/23218,green,1,0.02388037,0.02388036996126175,3.873825218936311e-11,True,Full occupied bounding box of <=8 voxels; integer dtype normalization
241016/7,241016/7/23218,red,1,0.009658961,0.00965896062552929,3.7447071138396737e-10,True,Full occupied bounding box of <=8 voxels; integer dtype normalization
241016/7,241016/7/23797,green,1,0.003067063,0.0030670634005218744,4.005218743469152e-10,True,Full occupied bounding box of <=8 voxels; integer dtype normalization
241016/7,241016/7/23797,red,1,0.0181277189403772,0.018127718940377235,3.469446951953614e-17,True,Full occupied bounding box of <=8 voxels; integer dtype normalization
241016/7,241016/7/24878,green,1,0.002899214,0.0028992141596972942,1.596972944509223e-10,True,Full occupied bounding box of <=8 voxels; integer dtype normalization
241016/7,241016/7/24878,red,1,0.008392463,0.008392462506890297,4.931097023763709e-10,True,Full occupied bounding box of <=8 voxels; integer dtype normalization
241016/7,241016/7/24565,green,1,0.002639811,0.002639810787513852,2.1248614803445753e-10,True,Full occupied bounding box of <=8 voxels; integer dtype normalization
241016/7,241016/7/24565,red,1,0.007293812,0.0072938124649226665,4.64922666337797e-10,True,Full occupied bounding box of <=8 voxels; integer dtype normalization
241016/7,241016/7/23630,green,1,0.002365148,0.0023651483934372663,3.9343726627311115e-10,True,Full occupied bounding box of <=8 voxels; integer dtype normalization
241016/7,241016/7/23630,red,1,0.00842298,0.008422980085015297,8.50152968856488e-11,True,Full occupied bounding box of <=8 voxels; integer dtype normalization
241016/7,241016/7/23688,green,1,0.0340886563062667,0.034088656306266785,8.326672684688674e-17,True,Full occupied bounding box of <=8 voxels; integer dtype normalization
241016/7,241016/7/23688,red,1,0.008087282,0.008087282069027424,6.902742440140219e-11,True,Full occupied bounding box of <=8 voxels; integer dtype normalization
241016/7,241016/7/23881,green,1,0.033737697,0.03373769670724869,2.927513093053946e-10,True,Full occupied bounding box of <=8 voxels; integer dtype normalization
241016/7,241016/7/23881,red,1,0.008789197,0.008789196610450745,3.8954925569989474e-10,True,Full occupied bounding box of <=8 voxels; integer dtype normalization
241016/7,241016/7/24315,green,1,0.00561532,0.005615320056676865,5.667686459043253e-11,True,Full occupied bounding box of <=8 voxels; integer dtype normalization
241016/7,241016/7/24315,red,1,0.008056764,0.00805676355957985,4.4042015000245183e-10,True,Full occupied bounding box of <=8 voxels; integer dtype normalization
241017/21,241017/21/44256,green,2,0.001953155,0.0019531548023223877,1.9767761212652335e-10,True,Full occupied bounding box of <=8 voxels; integer dtype normalization
241017/21,241017/21/44256,red,2,0.008682384,0.008682383690029383,3.099706168824268e-10,True,Full occupied bounding box of <=8 voxels; integer dtype normalization
241017/21,241017/21/44701,green,3,0.002583861,0.0025838610405723252,4.057232544721345e-11,True,Full occupied bounding box of <=8 voxels; integer dtype normalization
241017/21,241017/21/44701,red,3,0.008387376,0.008387375622987747,3.770122530138975e-10,True,Full occupied bounding box of <=8 voxels; integer dtype normalization
241017/21,241017/21/44999,green,1,0.042359047,0.04235904663801193,3.619880645233664e-10,True,Full occupied bounding box of <=8 voxels; integer dtype normalization
241017/21,241017/21/44999,red,1,0.009399557,0.00939955748617649,4.861764914265709e-10,True,Full occupied bounding box of <=8 voxels; integer dtype normalization
241017/21,241017/21/43432,green,1,0.028442817,0.02844281680881977,1.911802278986574e-10,True,Full occupied bounding box of <=8 voxels; integer dtype normalization
241017/21,241017/21/43432,red,1,0.038467996,0.03846799582242966,1.7757034037613195e-10,True,Full occupied bounding box of <=8 voxels; integer dtype normalization
241017/21,241017/21/43654,green,2,0.009834439,0.00983443926088512,2.6088511906330325e-10,True,Full occupied bounding box of <=8 voxels; integer dtype normalization
241017/21,241017/21/43654,red,2,0.014770733192563,0.014770733192563057,5.724587470723463e-17,True,Full occupied bounding box of <=8 voxels; integer dtype normalization
241017/21,241017/21/45198,green,1,0.002563516,0.002563515678048134,3.219518662084253e-10,True,Full occupied bounding box of <=8 voxels; integer dtype normalization
241017/21,241017/21/45198,red,1,0.009140154,0.009140154346823692,3.468236930287416e-10,True,Full occupied bounding box of <=8 voxels; integer dtype normalization
241017/21,241017/21/45369,green,1,0.002349889,0.0023498893715441227,3.7154412272505377e-10,True,Full occupied bounding box of <=8 voxels; integer dtype normalization
241017/21,241017/21/45369,red,1,0.008133058,0.008133058436214924,4.362149235576096e-10,True,Full occupied bounding box of <=8 voxels; integer dtype normalization
241017/21,241017/21/43319,green,1,0.007370108,0.0073701078072190285,1.9278097174169062e-10,True,Full occupied bounding box of <=8 voxels; integer dtype normalization
241017/21,241017/21/43319,red,1,0.0148928053677082,0.014892805367708206,6.938893903907228e-18,True,Full occupied bounding box of <=8 voxels; integer dtype normalization
241017/21,241017/21/44409,green,1,0.004608225,0.0046082246117293835,3.8827061617924263e-10,True,Full occupied bounding box of <=8 voxels; integer dtype normalization
241017/21,241017/21/44409,red,1,0.008438239,0.008438238874077797,1.2592220322016345e-10,True,Full occupied bounding box of <=8 voxels; integer dtype normalization
241017/21,241017/21/45529,green,1,0.002471962,0.002471961546689272,4.5331072793045046e-10,True,Full occupied bounding box of <=8 voxels; integer dtype normalization
241017/21,241017/21/45529,red,1,0.008743419,0.00874341931194067,3.1194066947570764e-10,True,Full occupied bounding box of <=8 voxels; integer dtype normalization
241017/23,241017/23/48148,green,1,0.002441444,0.0024414435029029846,4.970970154602461e-10,True,Full occupied bounding box of <=8 voxels; integer dtype normalization
241017/23,241017/23/48148,red,1,0.008743419,0.00874341931194067,3.1194066947570764e-10,True,Full occupied bounding box of <=8 voxels; integer dtype normalization
241017/23,241017/23/47117,green,1,0.002441444,0.0024414435029029846,4.970970154602461e-10,True,Full occupied bounding box of <=8 voxels; integer dtype normalization
241017/23,241017/23/47117,red,1,0.008133058,0.008133058436214924,4.362149235576096e-10,True,Full occupied bounding box of <=8 voxels; integer dtype normalization
241017/23,241017/23/48452,green,1,0.00250248,0.0025024795904755592,4.095244408343357e-10,True,Full occupied bounding box of <=8 voxels; integer dtype normalization
241017/23,241017/23/48452,red,1,0.008636607,0.008636606857180595,1.428194038727293e-10,True,Full occupied bounding box of <=8 voxels; integer dtype normalization
241017/23,241017/23/47060,green,1,0.076234072,0.07623407244682312,4.4682312017041426e-10,True,Full occupied bounding box of <=8 voxels; integer dtype normalization
241017/23,241017/23/47060,red,1,0.008667124,0.008667124435305595,4.3530559538929037e-10,True,Full occupied bounding box of <=8 voxels; integer dtype normalization
241017/23,241017/23/47764,green,1,0.002136263,0.0021362630650401115,6.504011175120783e-11,True,Full occupied bounding box of <=8 voxels; integer dtype normalization
241017/23,241017/23/47764,red,1,0.007873655,0.007873655296862125,2.968621251597803e-10,True,Full occupied bounding box of <=8 voxels; integer dtype normalization
241017/23,241017/23/47744,green,1,0.002395666,0.0023956664372235537,4.372235538029068e-10,True,Full occupied bounding box of <=8 voxels; integer dtype normalization
241017/23,241017/23/47744,red,1,0.008346685,0.008346685208380222,2.0838022279923152e-10,True,Full occupied bounding box of <=8 voxels; integer dtype normalization
241017/23,241017/23/47150,green,2,0.040672924,0.04067292436957359,3.6957359395017875e-10,True,Full occupied bounding box of <=8 voxels; integer dtype normalization
241017/23,241017/23/47150,red,2,0.0123826963827013,0.012382696382701397,9.71445146547012e-17,True,Full occupied bounding box of <=8 voxels; integer dtype normalization
241017/23,241017/23/47994,green,2,0.00218967,0.0021896696416661143,3.583338855674134e-10,True,Full occupied bounding box of <=8 voxels; integer dtype normalization
241017/23,241017/23/47994,red,2,0.008461128,0.008461127988994122,1.1005878500225386e-11,True,Full occupied bounding box of <=8 voxels; integer dtype normalization
241017/23,241017/23/47253,green,1,0.005172809,0.005172808654606342,3.453936572514471e-10,True,Full occupied bounding box of <=8 voxels; integer dtype normalization
241017/23,241017/23/47253,red,1,0.008560311,0.008560311049222946,4.922294689901907e-11,True,Full occupied bounding box of <=8 voxels; integer dtype normalization
241017/23,241017/23/47684,green,1,0.002883955,0.0028839551378041506,1.3780415046918404e-10,True,Full occupied bounding box of <=8 voxels; integer dtype normalization
241017/23,241017/23/47684,red,1,0.009903105,0.009903104975819588,2.4180412880325797e-11,True,Full occupied bounding box of <=8 voxels; integer dtype normalization
