field_id,folder,objects,mask_labels,tiny_objects,tiny_object_percent,multi_component_labels,all_tiny_labels,median_object_volume,median_mask_label_volume,median_largest_component_fraction
231005/1,231005,805,458,308,38.26086956521739,145,0,54.0,294.5,1.0
231005/2,231005,2361,1069,1175,49.76704786107582,403,4,9.0,316.0,1.0
231005/3,231005,767,548,195,25.423728813559322,82,1,682.0,17018.0,1.0
231005/4,231005,1500,736,702,46.800000000000004,258,3,16.0,323.0,1.0
240918/1,2409,1435,577,795,55.400696864111495,212,6,5.0,232.0,1.0
240918/2,2409,1418,668,690,48.66008462623414,202,3,11.0,572.5,1.0
240918/3,2409,966,436,472,48.86128364389234,164,1,11.0,361.0,1.0
240918/4,2409,1269,609,608,47.91174152876281,215,3,13.0,355.0,1.0
241016/1,2410,566,296,244,43.109540636042404,85,2,27.5,400.5,1.0
241016/10,2410,1055,520,499,47.29857819905213,149,0,16.0,557.5,1.0
241016/11,2410,1139,489,608,53.380158033362605,153,2,5.0,557.0,1.0
241016/12,2410,870,415,421,48.39080459770115,125,2,12.5,607.0,1.0
241016/13,2410,1069,615,414,38.72778297474275,192,2,62.0,339.0,1.0
241016/14,2410,1312,531,742,56.55487804878049,188,5,3.0,541.0,1.0
241016/2,2410,2254,915,1226,54.392191659272406,404,4,5.0,266.0,1.0
241016/3,2410,4731,1358,3159,66.7723525681674,670,10,2.0,269.0,1.0
241016/4,2410,1407,591,756,53.73134328358209,274,7,5.0,226.0,1.0
241016/5,2410,1314,578,681,51.82648401826484,219,4,6.5,369.0,1.0
241016/6,2410,2070,722,1270,61.35265700483091,330,12,3.0,257.5,1.0
241016/7,2410,2181,856,1234,56.579550664832645,348,7,4.0,336.0,1.0
241016/8,2410,1220,642,529,43.36065573770492,200,5,33.5,352.0,1.0
241016/9,2410,1539,655,824,53.54126055880442,253,5,4.0,312.0,1.0
241017/15,2410,1946,739,1094,56.217882836587876,324,6,4.0,270.0,1.0
241017/16,2410,2400,980,1330,55.41666666666667,375,8,4.0,249.0,1.0
241017/17,2410,1517,834,618,40.738299274884646,247,3,49.0,439.0,1.0
241017/18,2410,1517,834,618,40.738299274884646,247,3,49.0,439.0,1.0
241017/19,2410,1517,834,618,40.738299274884646,247,3,49.0,439.0,1.0
241017/20,2410,503,255,240,47.713717693836976,52,0,27.0,18748.0,1.0
241017/21,2410,3054,1393,1505,49.27963326784545,493,14,9.5,377.0,1.0
241017/22,2410,1063,722,293,27.563499529633113,145,2,236.0,4225.0,1.0
241017/23,2410,1710,778,869,50.8187134502924,271,6,7.0,354.5,1.0
